{
    "LongStepPos": {
        "soma": {
            "AP_width": [
                1.7554575163389416, 
                0.11942750431978078
            ], 
            "ISI_CV": [
                0.19649583506271678, 
                0.0890464735966059
            ], 
            "doublet_ISI": [
                74.24000000001688, 
                62.25131645195756
            ], 
            "voltage_base": [
                -82.48515005493158, 
                0.20528524223563552
            ], 
            "AHP_depth_abs": [
                -62.695189348219046, 
                1.481900969379444
            ], 
            "voltage_deflection_begin": [
                25.247103190290677, 
                1.7537926537252972
            ], 
            "mean_frequency": [
                7.606963976077758, 
                3.6058205592578596
            ], 
            "time_constant": [
                22.644647259258264, 
                42.66554973506772
            ], 
            "time_to_first_spike": [
                17.899999999992417, 
                9.700927790682847
            ], 
            "AP_amplitude": [
                69.52071673884215, 
                1.5288842067607114
            ]
        }
    }, 
    "ShortStepPos": {
        "soma": {
            "voltage_base": [
                -81.64946846961962, 
                0.12714005922144267
            ], 
            "AP_width": [
                1.8042063492067593, 
                0.1567195476923187
            ], 
            "voltage_deflection": [
                -2.2808396567686167, 
                0.37751209872534613
            ], 
            "doublet_ISI": [
                48.12500000001094, 
                43.46909103030404
            ], 
            "voltage_deflection_begin": [
                21.80018084225115, 
                3.0254349144186534
            ], 
            "time_to_first_spike": [
                63.29999999999137, 
                5.764980485657789
            ], 
            "AP_amplitude": [
                73.45365559343315, 
                2.462705128793979
            ]
        }
    }, 
    "LongStepNeg": {
        "soma": {
            "voltage_deflection_begin": [
                -8.43975910048837, 
                5.929401630873752
            ], 
            "voltage_base": [
                -84.48496253204353, 
                0.37911206436243133
            ]
        }
    }
}