{
    "LongStepPos": {
        "soma": {
            "adaptation_index2": [
                0.0012463445514320198, 
                0.0005839463493582719
            ], 
            "mean_frequency": [
                18.841346172269073, 
                1.0476741152750426
            ], 
            "ISI_CV": [
                0.10818842133734811, 
                0.027888742924426516
            ], 
            "doublet_ISI": [
                44.433333333343434, 
                5.722664492079173
            ]
        }
    }, 
    "ShortStepPos": {
        "soma": {
            "AP_width": [
                1.2827380952383869, 
                0.06637371860566464
            ], 
            "AP_height": [
                13.921726170007368, 
                1.4909792264302366
            ], 
            "AHP_depth": [
                10.819261642823838, 
                2.0232950188527385
            ], 
            "time_to_first_spike": [
                26.433333333327692, 
                2.71334152332978
            ]
        }
    }, 
    "LongStepNeg": {
        "soma": {
            "time_constant": [
                61.516072752448885, 
                5.818881951013711
            ], 
            "voltage_deflection": [
                -19.776715031204883, 
                1.326774841708581
            ], 
            "voltage_deflection_begin": [
                -23.179408572783643, 
                2.1426908516811443
            ]
        }
    }
}